[
  {
    "productId": 1,
    "productName": "KFC",
    "cuisines":"American",
    "offers":0,
    "pureveg":0,
    "deliveryTime":28,
    "productCode": "GDN-0011",
    "releaseDate": "March 19, 2021",
    "description": "American, Snacks, Biryani",
    "price": 400,
    "items":"two",
    "starRating": 3.2,
    "imageUrl": "https://res.cloudinary.com/swiggy/image/upload/fl_lossy,f_auto,q_auto,w_508,h_320,c_fill/c5055tun6qauferevjom",
    "coupons":"25% off | Use JUMBO",
    "pr":"promoted"
  },
  {
    "productId": 2,
    "productName": "Krishna's Dosa Kadai",
    "cuisines":"Indian",
    "offers":0,
    "pr":"Exclusive",
    "pureveg":0,
    "deliveryTime":28,
    "productCode": "GDN-0023",
    "releaseDate": "March 18, 2021",
    "description": "South Indian, North Indian, Biryani, Beverages",
    "price": 300,
    "items":"two",
    "starRating": 4.2,
    "imageUrl": "https://res.cloudinary.com/swiggy/image/upload/fl_lossy,f_auto,q_auto,w_508,h_320,c_fill/ipero6zgzkit5ll3zdxt",
    "coupons":"25% off | Use Try"
  }
  ,
  {
    "productId": 3,
    "productName": "Hotel Crescent",
    "cuisines":"Indian",
    "offers":0,
    "pr":"",
    "pureveg":0,
    "deliveryTime":50,
    "productCode": "GDN-0023",
    "releaseDate": "March 18, 2021",
    "description": "North Indian, Chinese, Andhra, Biryani, South Indian",
    "price": 350,
    "items":"two",
    "starRating": 5,
    "imageUrl": "https://res.cloudinary.com/swiggy/image/upload/fl_lossy,f_auto,q_auto,w_508,h_320,c_fill/nec9n5ubswcri8veymoi",
    "coupons":"25% off | Use Try"
  }
  ,
  {
    "productId": 4,
    "productName": "Ambattur Sri Hotel Pandian",
    "cuisines":"Indian",
    "offers":0,
    "pr":"",
    "pureveg":0,
    "deliveryTime":32,
    "productCode": "GDN-0023",
    "releaseDate": "March 18, 2021",
    "description": "South Indian,  Biryani",
    "price": 300,
    "items":"two",
    "starRating": 4.0,
    "imageUrl": "https://res.cloudinary.com/swiggy/image/upload/fl_lossy,f_auto,q_auto,w_508,h_320,c_fill/luzfih9d8guogudttrdt",
    "coupons":"25% off | Use Try"
  }
  ,
  {
    "productId": 5,
    "productName": "Zaitoon",
    "cuisines":"Indian",
    "offers":0,
    "pr":"Promoted",
    "pureveg":0,
    "deliveryTime":51,
    "productCode": "GDN-0023",
    "releaseDate": "March 18, 2021",
    "description": "South Indian, North Indian, Biryani, Beverages",
    "price": 300,
    "items":"two",
    "starRating": 4.2,
    "imageUrl": "https://res.cloudinary.com/swiggy/image/upload/fl_lossy,f_auto,q_auto,w_508,h_320,c_fill/hfabi64nkiyjwe1ohrud",
    "coupons":"25% off | Use Try"
  }
  ,
  {
    "productId": 6,
    "productName": "Dindigul Thalappakatti",
    "cuisines":"Indian",
    "offers":0,
    "pr":"Exclusive",
    "pureveg":0,
    "deliveryTime":28,
    "productCode": "GDN-0023",
    "releaseDate": "March 18, 2021",
    "description": "Biryani, Barbecue, South Indian, Chinese, North Indian",
    "price": 300,
    "items":"two",
    "starRating": 4.2,
    "imageUrl": "https://res.cloudinary.com/swiggy/image/upload/fl_lossy,f_auto,q_auto,w_508,h_320,c_fill/ch9pgzqcx83h2euzekpt",
    "coupons":"25% off | Use Try"
  }
  ,
  {
    "productId": 7,
    "productName": "Hotel Aishwarya",
    "cuisines":"Indian",
    "offers":0,
    "pr":"Exclusive",
    "pureveg":0,
    "deliveryTime":31,
    "productCode": "GDN-0023",
    "releaseDate": "March 18, 2021",
    "description": "North Indian, South Indian",
    "price": 250,
    "items":"two",
    "starRating": 4.2,
    "imageUrl": "https://res.cloudinary.com/swiggy/image/upload/fl_lossy,f_auto,q_auto,w_508,h_320,c_fill/yx83hxcv6appi3oaplfg",
    "coupons":"25% off | Use Try"
  }
  ,
  {
    "productId": 8,
    "productName": "Perambur Sri Srinivasa Sweets and Snacks",
    "cuisines":"Indian",
    "offers":0,
    "pr":"Exclusive",
    "pureveg":0,
    "deliveryTime":36,
    "productCode": "GDN-0023",
    "releaseDate": "March 18, 2021",
    "description": "North Indian, Desserts",
    "price": 300,
    "items":"two",
    "starRating": 4.2,
    "imageUrl": "https://res.cloudinary.com/swiggy/image/upload/fl_lossy,f_auto,q_auto,w_508,h_320,c_fill/qtdgvpd9pcswktbe3sdo",
    "coupons":"25% off | Use Try"
  }
 
]